{
  "Workflows": [
    {
      "Path": null,
      "SortBy": 0,
      "VariablesSectionElementsOrder": [],
      "ArgumentsSectionElementsOrder": null,
      "ConstantsSectionElementsOrder": [],
      "AddedNamespaces": null
    },
    {
      "Path": "Main.xaml",
      "SortBy": 0,
      "VariablesSectionElementsOrder": [
        "variable1&Sequence_70",
        "AARWin&Sequence_1",
        "dateString&Sequence_58",
        "fileArray&Sequence_46",
        "detailsDT&Sequence_46",
        "ServicesString&Sequence_48",
        "totalString&Sequence_48",
        "invoiceTitleString&Sequence_48",
        "ServicesString&Sequence_49",
        "totalString&Sequence_49",
        "invoiceTitleString&Sequence_49",
        "invoiceDT&Sequence_50",
        "readTextUiPathScreenOCR&Sequence_1",
        "readText&Sequence_1",
        "readTextTesseractOCR&Sequence_1",
        "readTextAbbyyOCR&Sequence_1",
        "readTextScreenScrapingFull&Sequence_1",
        "fileArray&Sequence_3",
        "detailsDT&Sequence_3",
        "dateString&Sequence_2",
        "ServicesString&Sequence_44",
        "totalString&Sequence_44",
        "invoiceTitleString&Sequence_44",
        "ServicesString&Sequence_4",
        "totalString&Sequence_4",
        "invoiceTitleString&Sequence_4",
        "invoiceDT&Sequence_15"
      ],
      "ArgumentsSectionElementsOrder": [],
      "ConstantsSectionElementsOrder": [],
      "AddedNamespaces": null
    }
  ]
}