{
  "Workflows": [
    {
      "Path": null,
      "SortBy": 0,
      "VariablesSectionElementsOrder": [],
      "ArgumentsSectionElementsOrder": null,
      "ConstantsSectionElementsOrder": [],
      "AddedNamespaces": null
    },
    {
      "Path": "Main.xaml",
      "SortBy": 0,
      "VariablesSectionElementsOrder": [
        "name&Flowchart_3",
        "phone&Flowchart_3",
        "counter&Flowchart_3",
        "company&Flowchart_3",
        "text&Sequence_26",
        "textVar&Sequence_26",
        "day&Sequence_20",
        "filename&Sequence_64"
      ],
      "ArgumentsSectionElementsOrder": [],
      "ConstantsSectionElementsOrder": [],
      "AddedNamespaces": null
    }
  ]
}