{
  "Workflows": [
    {
      "Path": null,
      "SortBy": 0,
      "VariablesSectionElementsOrder": [],
      "ArgumentsSectionElementsOrder": null,
      "ConstantsSectionElementsOrder": [],
      "AddedNamespaces": null
    },
    {
      "Path": "Main.xaml",
      "SortBy": 0,
      "VariablesSectionElementsOrder": [
        "drinksList&Sequence_1",
        "index&Sequence_1",
        "billList&Sequence_1",
        "currentDrink&Sequence_1",
        "random&Flowchart_2",
        "result&Flowchart_2",
        "item&Sequence_6",
        "item&Sequence_8"
      ],
      "ArgumentsSectionElementsOrder": [],
      "ConstantsSectionElementsOrder": [],
      "AddedNamespaces": null
    }
  ]
}