{
  "Workflows": [
    {
      "Path": null,
      "SortBy": 0,
      "VariablesSectionElementsOrder": [],
      "ArgumentsSectionElementsOrder": null,
      "ConstantsSectionElementsOrder": [],
      "AddedNamespaces": null
    },
    {
      "Path": "Main.xaml",
      "SortBy": 0,
      "VariablesSectionElementsOrder": [
        "screenshot&Sequence_5",
        "filename&Sequence_5",
        "messageBody&Sequence_5",
        "users_t&Sequence_5",
        "queueItems&Sequence_5",
        "crtDirectory&Sequence_5",
        "counter&Sequence_5",
        "queueItem&Sequence_5",
        "recipient&Sequence_18",
        "username&Sequence_18",
        "password&Sequence_18",
        "user&Sequence_18"
      ],
      "ArgumentsSectionElementsOrder": [],
      "ConstantsSectionElementsOrder": [],
      "AddedNamespaces": null
    }
  ]
}