<?xml version="1.0" encoding="UTF-8"?>
<!DOCTYPE hibernate-configuration PUBLIC
        "-//Hibernate/Hibernate Configuration DTD 3.0//EN"
        "http://www.hibernate.org/dtd/hibernate-configuration-3.0.dtd">

<hibernate-configuration>
    <session-factory>
        <property name="dialect">persistence.dialect.SQLiteDialect</property>
        <property name="connection.driver_class">org.sqlite.JDBC</property>
        <property name="connection.url">jdbc:sqlite:C:/FACULTATE/ANUL2/SEM2/Subiecte_MPP/cuvinte_aleatoare/Server/baza.bd</property>

        <property name="hibernate.hbm2ddl.auto">update</property>

        <property name="show_sql">true</property>
        <property name="format_sql">true</property>

        <mapping class="model.Configuration"/>
        <mapping class="model.Game"/>
    </session-factory>
</hibernate-configuration>