{
  "Workflows": [
    {
      "Path": null,
      "SortBy": 0,
      "VariablesSectionElementsOrder": [],
      "ArgumentsSectionElementsOrder": null,
      "ConstantsSectionElementsOrder": [],
      "AddedNamespaces": null
    },
    {
      "Path": "Main.xaml",
      "SortBy": 0,
      "VariablesSectionElementsOrder": [
        "Img&Sequence_43",
        "EditableText&Sequence_23",
        "Span&Sequence_50",
        "moviename&Sequence_47",
        "Irfanviewerclass&Sequence_53",
        "ImgText&Sequence_51",
        "PaneSlide&Sequence_59"
      ],
      "ArgumentsSectionElementsOrder": [],
      "ConstantsSectionElementsOrder": [],
      "AddedNamespaces": null
    }
  ]
}