{
  "Workflows": [
    {
      "Path": null,
      "SortBy": 0,
      "VariablesSectionElementsOrder": [],
      "ArgumentsSectionElementsOrder": null,
      "ConstantsSectionElementsOrder": [],
      "AddedNamespaces": null
    },
    {
      "Path": "Main.xaml",
      "SortBy": 0,
      "VariablesSectionElementsOrder": [
        "username&Sequence_2",
        "password&Sequence_2",
        "emails&Sequence_2",
        "screenshot&Sequence_5",
        "filename&Sequence_5",
        "messageBody&Sequence_5",
        "users&Sequence_5",
        "recipient&Sequence_6",
        "username&Sequence_6",
        "password&Sequence_6"
      ],
      "ArgumentsSectionElementsOrder": [],
      "ConstantsSectionElementsOrder": [],
      "AddedNamespaces": null
    }
  ]
}