<?xml version="1.0"?>
<!DOCTYPE hibernate-configuration PUBLIC
        "-//Hibernate/Hibernate Configuration DTD 3.0//EN"
        "http://www.hibernate.org/dtd/hibernate-configuration-3.0.dtd">

<hibernate-configuration>
    <session-factory>
        <property name="dialect">org.hibernate.dialect.SQLiteDialect</property>
        <property name="connection.driver_class">org.sqlite.JDBC</property>
        <property name="connection.url">jdbc:sqlite:identifier.sqlite</property>
        <property name="connection.username">postgres</property>
        <property name="connection.password">postgre</property>

        <property name="show_sql">true</property>
        <property name="format_sql">true</property>
        <property name="hibernate.hbm2ddl.auto">update</property>

        <mapping class="model.User" />
        <mapping class="model.Configuration" />
        <mapping class="model.Game" />
    </session-factory>
</hibernate-configuration>