{
  "version": 3,
  "targets": {
    "net6.0-windows7.0": {},
    "net6.0-windows7.0/win10-x64": {}
  },
  "libraries": {},
  "projectFileDependencyGroups": {
    "": [],
    "net6.0-windows7.0": []
  },
  "packageFolders": {
    "C:\\Users\\Dumitru\\.nuget\\packages\\": {},
    "C:\\Program Files (x86)\\Microsoft Visual Studio\\Shared\\NuGetPackages": {}
  },
  "project": {
    "restore": {
      "projectUniqueName": "ListOpLibraryNew",
      "projectName": "ListOpLibraryNew",
      "projectPath": "E:\\RPA\\2023-2024\\Lectures\\Lecture05\\Lecture05.Demos\\CustomActivities\\ListOpLibraryNew\\.local",
      "packagesPath": "C:\\Users\\Dumitru\\.nuget\\packages\\",
      "outputPath": "E:\\RPA\\2023-2024\\Lectures\\Lecture05\\Lecture05.Demos\\CustomActivities\\ListOpLibraryNew\\.local",
      "fallbackFolders": [
        "C:\\Program Files (x86)\\Microsoft Visual Studio\\Shared\\NuGetPackages"
      ]
    },
    "frameworks": {
      "net6.0-windows7.0": {
        "runtimeIdentifierGraphPath": "C:\\Program Files\\UiPath\\Studio\\runtime.json"
      }
    },
    "runtimes": {
      "win10-x64": {
        "#import": []
      }
    }
  }
}