{
  "Workflows": [
    {
      "Path": null,
      "SortBy": 0,
      "VariablesSectionElementsOrder": [],
      "ArgumentsSectionElementsOrder": null,
      "ConstantsSectionElementsOrder": [],
      "AddedNamespaces": null
    },
    {
      "Path": "Main.xaml",
      "SortBy": 0,
      "VariablesSectionElementsOrder": [
        "SpecDataTable&Sequence_1",
        "name&Sequence_1",
        "dataString&Sequence_1",
        "dt&Sequence_1",
        "readMore&While_1",
        "dataRow&Sequence_2",
        "StudentsString&Sequence_7",
        "variable1&Sequence_7"
      ],
      "ArgumentsSectionElementsOrder": [],
      "ConstantsSectionElementsOrder": [],
      "AddedNamespaces": null
    }
  ]
}