{
  "Workflows": [
    {
      "Path": null,
      "SortBy": 0,
      "VariablesSectionElementsOrder": [],
      "ArgumentsSectionElementsOrder": null,
      "ConstantsSectionElementsOrder": [],
      "AddedNamespaces": null
    },
    {
      "Path": "Main.xaml",
      "SortBy": 0,
      "VariablesSectionElementsOrder": [
        "StudentsString&Sequence_2",
        "studentsDT&Sequence_2",
        "specsDT&Sequence_5",
        "specsString&Sequence_5",
        "resultDT&Sequence_5",
        "resultString&Sequence_5",
        "studentsDT&Sequence_5",
        "StudentsString&Sequence_5",
        "specsDT&Flowchart_2",
        "specsString&Flowchart_2",
        "rankingDT&Flowchart_2",
        "rankingString&Flowchart_2",
        "specName&Sequence_14",
        "resultDT&Sequence_14",
        "StudBySpecTable&Sequence_14",
        "specsDT&Flowchart_3",
        "stringDT&Sequence_15",
        "currentDT&Sequence_19",
        "counter&Sequence_19",
        "SpecName&Sequence_19"
      ],
      "ArgumentsSectionElementsOrder": [],
      "ConstantsSectionElementsOrder": [],
      "AddedNamespaces": null
    }
  ]
}